BIB_NUMBER,LAST_NAME,FIRST_NAME,CATEGORY,START_POSITION,FINISH_TIME,RESULT
13,----,----,----,0.5,--:--:--.---,--:--:--.---
15,Bergona,Simon,Men (P/1/2/3),1,--:--:--.---,--:--:--.---
17,,,Merckx - Men,1.5,--:--:--.---,--:--:--.---
18,Sweeney,Dave,Merckx - Men,2,--:--:--.---,--:--:--.---
22,Desai,Rishi,Junior (M),2.5,--:--:--.---,--:--:--.---
23,Waite,Ruthanne,Master 50+ - Women,3,--:--:--.---,--:--:--.---
26,Palmer,Chip,Master 60+ - Men,3.5,--:--:--.---,--:--:--.---
29,Fischbach,Yannik,Men (P/1/2/3),4,--:--:--.---,--:--:--.---
30,Belknap,Fleet,Merckx - Men,4.5,--:--:--.---,--:--:--.---
31,Everhart,Danette,Merckx - Women,5,--:--:--.---,--:--:--.---
49,Mosley,Ben,Master 50+ - Men,5.5,--:--:--.---,--:--:--.---
51,Martin,Kevin,Men (4/5/U),6,--:--:--.---,--:--:--.---
53,Molzer,Garret,Men (4/5/U),6.5,--:--:--.---,--:--:--.---
59,Sweeney,Carley,Merckx - Women,7,--:--:--.---,--:--:--.---
63,----,----,----,7.5,--:--:--.---,--:--:--.---
64,Thompson,Brian,Men (4/5/U),8,--:--:--.---,--:--:--.---
65,----,----,----,8.5,--:--:--.---,--:--:--.---
68,----,----,----,9,--:--:--.---,--:--:--.---
70,----,----,----,9.5,--:--:--.---,--:--:--.---
73,Sumbal,Marni ,Women (P/1/2),10,--:--:--.---,--:--:--.---
74,----,----,----,10.5,--:--:--.---,--:--:--.---
75,----,----,----,11,--:--:--.---,--:--:--.---
76,----,----,----,11.5,--:--:--.---,--:--:--.---
77,----,----,----,12,--:--:--.---,--:--:--.---
79,----,----,----,12.5,--:--:--.---,--:--:--.---
83,----,----,----,13,--:--:--.---,--:--:--.---
85,----,----,----,13.5,--:--:--.---,--:--:--.---
86,----,----,----,14,--:--:--.---,--:--:--.---
87,Clements,Glynn,Master 60+ - Men,14.5,--:--:--.---,--:--:--.---
88,Herring,Tony,Master 60+ - Men,15,--:--:--.---,--:--:--.---
89,----,----,----,15.5,--:--:--.---,--:--:--.---
91,Radler,Bill,Master 60+ - Men,16,--:--:--.---,--:--:--.---
93,Owens,Boyd,Men (4/5/U),16.5,--:--:--.---,--:--:--.---
95,Smith,Caleb,Men (P/1/2/3),17,--:--:--.---,--:--:--.---
96,Case,Jeff,Men (P/1/2/3),17.5,--:--:--.---,--:--:--.---
97,Hoenicke,David ,Master 50+ - Men,18,--:--:--.---,--:--:--.---
99,Combs,Paige,Merckx - Women,18.5,--:--:--.---,--:--:--.---
604,----,----,----,19,--:--:--.---,--:--:--.---
606,----,----,----,19.5,--:--:--.---,--:--:--.---
607,Schumate,Scott,Men (P/1/2/3),20,--:--:--.---,--:--:--.---
608,----,----,----,20.5,--:--:--.---,--:--:--.---
609,Harvey,Simon,Merckx - Men,21,--:--:--.---,--:--:--.---
610,----,----,----,21.5,--:--:--.---,--:--:--.---
611,----,----,----,22,--:--:--.---,--:--:--.---
612,----,----,----,22.5,--:--:--.---,--:--:--.---
613,----,----,----,23,--:--:--.---,--:--:--.---
614,Blunt,Elizabeth,Merckx - Women,23.5,--:--:--.---,--:--:--.---
615,Blunt,Keith,Junior (M),24,--:--:--.---,--:--:--.---
616,Blune,Bostin,Merckx - Men,24.5,--:--:--.---,--:--:--.---
617,Martin,James,Master 60+ - Men,25,--:--:--.---,--:--:--.---
618,Kingdom,Andrew ,Merckx - Men,25.5,--:--:--.---,--:--:--.---
622,----,----,----,26,--:--:--.---,--:--:--.---
623,----,----,----,26.5,--:--:--.---,--:--:--.---
624,----,----,----,27,--:--:--.---,--:--:--.---
625,----,----,----,27.5,--:--:--.---,--:--:--.---
626,----,----,----,28,--:--:--.---,--:--:--.---
627,----,----,----,28.5,--:--:--.---,--:--:--.---
628,Waldrop,Neil,Men (4/5/U),29,--:--:--.---,--:--:--.---
629,----,----,----,29.5,--:--:--.---,--:--:--.---
630,Schoonover,Sarah ,Women (4/U),30,--:--:--.---,--:--:--.---
631,Jordan,Jeff,Master 50+ - Men,30.5,--:--:--.---,--:--:--.---
632,Phillips,Reggie,Master 50+ - Men,31,--:--:--.---,--:--:--.---
633,Tabor,Neil,Men (4/5/U),31.5,--:--:--.---,--:--:--.---
634,Thomson,Williman,Master 60+ - Men,32,--:--:--.---,--:--:--.---
635,Clarry,Sammy,Merckx - Men,32.5,--:--:--.---,--:--:--.---
636,Vanderwerf,Patrick ,Master 50+ - Men,33,--:--:--.---,--:--:--.---
637,----,----,----,33.5,--:--:--.---,--:--:--.---
638,----,----,----,34,--:--:--.---,--:--:--.---
639,----,----,----,34.5,--:--:--.---,--:--:--.---
640,Kullatham,Veera,Merckx - Women,35,--:--:--.---,--:--:--.---
641,----,----,----,35.5,--:--:--.---,--:--:--.---
642,Abner,Max ,Junior (M),36,--:--:--.---,--:--:--.---
643,----,----,----,36.5,--:--:--.---,--:--:--.---
644,Edwards,Michelle,Master 50+ - Women,37,--:--:--.---,--:--:--.---
645,McQuaid,Dave,Master 50+ - Men,37.5,--:--:--.---,--:--:--.---
646,Fry,Reggie,Men (4/5/U),38,--:--:--.---,--:--:--.---
647,Helms,Brock,Merckx - Men,38.5,--:--:--.---,--:--:--.---
648,Sawczuk,Diego,Men (4/5/U),39,--:--:--.---,--:--:--.---
649,Taylor,James,Master 60+ - Men,39.5,--:--:--.---,--:--:--.---
650,Grimm,Myles,Men (4/5/U),40,--:--:--.---,--:--:--.---
651,Howard,Kevin,Men (P/1/2/3),40.5,--:--:--.---,--:--:--.---
652,Calvert,Craig,Merckx - Men,41,--:--:--.---,--:--:--.---
653,Hulstrand,Scott,Merckx - Men,41.5,--:--:--.---,--:--:--.---
654,Collier,Joel ,Men (4/5/U),42,--:--:--.---,--:--:--.---
655,Pryor,Matt,Men (4/5/U),42.5,--:--:--.---,--:--:--.---
656,Lopez ,Fulton,Master 50+ - Men,43,--:--:--.---,--:--:--.---
657,Thompson,Kevin,Master 50+ - Men,43.5,--:--:--.---,--:--:--.---
658,----,----,----,44,--:--:--.---,--:--:--.---
659,Mauhar,Michael ,Men (P/1/2/3),44.5,--:--:--.---,--:--:--.---
660,----,----,----,45,--:--:--.---,--:--:--.---
661,----,----,----,45.5,--:--:--.---,--:--:--.---
662,----,----,----,46,--:--:--.---,--:--:--.---
663,----,----,----,46.5,--:--:--.---,--:--:--.---
664,----,----,----,47,--:--:--.---,--:--:--.---
665,----,----,----,47.5,--:--:--.---,--:--:--.---
666,----,----,----,48,--:--:--.---,--:--:--.---
667,----,----,----,48.5,--:--:--.---,--:--:--.---
668,----,----,----,49,--:--:--.---,--:--:--.---
669,----,----,----,49.5,--:--:--.---,--:--:--.---
670,Michenfelder,Jeff,Men (P/1/2/3),50,--:--:--.---,--:--:--.---
671,----,----,----,50.5,--:--:--.---,--:--:--.---
672,----,----,----,51,--:--:--.---,--:--:--.---
673,----,----,----,51.5,--:--:--.---,--:--:--.---
674,----,----,----,52,--:--:--.---,--:--:--.---
675,----,----,----,52.5,--:--:--.---,--:--:--.---
676,----,----,----,53,--:--:--.---,--:--:--.---
677,----,----,----,53.5,--:--:--.---,--:--:--.---
678,----,----,----,54,--:--:--.---,--:--:--.---
679,----,----,----,54.5,--:--:--.---,--:--:--.---
680,----,----,----,55,--:--:--.---,--:--:--.---
681,----,----,----,55.5,--:--:--.---,--:--:--.---
682,----,----,----,56,--:--:--.---,--:--:--.---
683,----,----,----,56.5,--:--:--.---,--:--:--.---
684,----,----,----,57,--:--:--.---,--:--:--.---
685,----,----,----,57.5,--:--:--.---,--:--:--.---
